customerID,gender,SeniorCitizen,tenure,PhoneService,InternetService,MonthlyCharges,TotalCharges,Churn
CUST00001,Male,0,71,Yes,Fiber optic,93.5,6867.33,No
CUST00002,Female,1,2,No,DSL,96.44,203.38,No
CUST00003,Male,0,7,No,No,98.6,655.38,No
CUST00004,Female,0,5,No,DSL,103.22,490.97,Yes
CUST00005,Male,0,5,Yes,Fiber optic,63.17,336.16,No
CUST00006,Female,0,59,No,Fiber optic,89.65,5710.89,Yes
CUST00007,Female,0,21,No,Fiber optic,27.57,591.92,No
CUST00008,Male,1,14,Yes,Fiber optic,48.6,611.76,No
CUST00009,Female,0,4,No,No,103.96,383.31,Yes
CUST00010,Male,1,59,Yes,DSL,41.66,2649.23,Yes
CUST00011,Male,0,6,Yes,DSL,92.19,522.67,No
CUST00012,Male,0,67,Yes,No,46.05,3477.48,No
CUST00013,Female,0,56,No,DSL,90.13,4517.58,No
CUST00014,Female,1,57,Yes,DSL,99.47,5965.27,No
CUST00015,Male,0,13,Yes,DSL,41.39,651.65,No
CUST00016,Female,0,11,No,Fiber optic,64.03,652.03,Yes
CUST00017,Male,1,3,No,Fiber optic,65.59,222.97,No
CUST00018,Male,0,4,Yes,Fiber optic,97.96,403.82,Yes
CUST00019,Male,0,12,No,No,66.45,727.71,No
CUST00020,Female,1,35,Yes,Fiber optic,37.26,1056.13,No
CUST00021,Male,1,25,Yes,No,59.87,1391.09,No
CUST00022,Female,0,52,No,No,77.49,3871.75,No
CUST00023,Male,0,67,No,DSL,94.05,5906.45,No
CUST00024,Male,0,66,Yes,DSL,89.36,5295.81,No
CUST00025,Male,0,23,No,Fiber optic,34.1,586.83,No
CUST00026,Female,0,31,No,No,54.17,1653.52,No
CUST00027,Male,0,3,Yes,Fiber optic,99.54,296.29,Yes
CUST00028,Male,0,40,No,Fiber optic,61.12,2687.76,No
CUST00029,Male,0,0,Yes,Fiber optic,62.98,,No
CUST00030,Female,0,14,No,Fiber optic,85.21,1301.63,Yes
CUST00031,Male,1,15,Yes,DSL,97.96,1564.68,Yes
CUST00032,Female,0,17,No,DSL,51.57,1046.65,No
CUST00033,Male,0,5,No,Fiber optic,67.42,310.88,Yes
CUST00034,Male,0,33,No,Fiber optic,36.07,1147.74,No
CUST00035,Female,0,8,No,Fiber optic,82.51,728.7,No
CUST00036,Male,0,7,Yes,DSL,66.06,448.17,No
CUST00037,Female,0,31,Yes,DSL,59.05,1663.48,No
CUST00038,Female,1,53,Yes,DSL,22.63,1435.55,No
CUST00039,Female,0,62,Yes,No,48.83,3405.6,No
CUST00040,Female,0,70,Yes,DSL,79.18,5901.62,No
CUST00041,Male,0,72,Yes,No,62.78,,No
CUST00042,Female,0,67,No,No,51.43,3071.54,No
CUST00043,Male,0,10,Yes,DSL,82.65,887.29,No
CUST00044,Female,0,10,No,DSL,68.52,704.76,No
CUST00045,Female,0,10,No,DSL,93.5,957.66,Yes
CUST00046,Male,0,18,No,DSL,53.51,786.25,No
CUST00047,Male,1,55,No,DSL,35.98,,No
CUST00048,Male,0,10,No,Fiber optic,66.36,593.96,No
CUST00049,Female,0,2,Yes,Fiber optic,89.32,172.99,Yes
CUST00050,Female,0,15,No,Fiber optic,25.96,440.33,Yes
CUST00051,Female,0,66,Yes,Fiber optic,95.84,6490.46,No
CUST00052,Female,1,7,No,DSL,84.67,600.98,Yes
CUST00053,Male,0,6,No,DSL,105.31,640.17,No
CUST00054,Male,0,1,No,DSL,68.88,73.67,No
CUST00055,Male,0,29,No,Fiber optic,62.0,1614.78,Yes
CUST00056,Female,1,7,Yes,DSL,106.27,698.23,No
CUST00057,Male,1,63,No,DSL,36.58,2015.99,No
CUST00058,Female,0,1,No,Fiber optic,89.93,90.43,Yes
CUST00059,Female,1,20,No,Fiber optic,95.22,2035.88,No
CUST00060,Male,0,26,No,Fiber optic,36.37,758.71,Yes
CUST00061,Female,0,60,No,Fiber optic,54.17,3454.86,Yes
CUST00062,Female,0,0,No,No,87.01,,Yes
CUST00063,Female,0,12,Yes,Fiber optic,20.51,205.8,Yes
CUST00064,Female,0,20,Yes,Fiber optic,39.43,968.61,Yes
CUST00065,Female,0,8,Yes,Fiber optic,78.84,618.45,Yes
CUST00066,Female,1,9,Yes,No,62.52,563.63,Yes
CUST00067,Male,0,63,No,No,37.66,2335.21,No
CUST00068,Male,0,12,No,No,25.83,,No
CUST00069,Female,0,12,No,No,80.51,884.49,No
CUST00070,Female,0,34,No,Fiber optic,49.19,1595.42,Yes
CUST00071,Female,0,25,Yes,DSL,90.91,2464.56,No
CUST00072,Male,1,40,No,Fiber optic,45.94,2045.42,No
CUST00073,Male,0,5,No,No,77.89,404.12,Yes
CUST00074,Male,0,13,No,No,73.49,1011.76,No
CUST00075,Female,0,46,No,Fiber optic,78.38,3519.39,Yes
CUST00076,Female,0,42,No,Fiber optic,55.33,2076.46,Yes
CUST00077,Male,1,11,No,DSL,106.99,1238.49,Yes
CUST00078,Female,0,6,No,Fiber optic,102.87,626.69,No
CUST00079,Male,0,29,No,Fiber optic,51.43,1734.38,Yes
CUST00080,Male,0,14,Yes,Fiber optic,50.04,739.54,No
CUST00081,Female,0,0,No,Fiber optic,89.65,,No
CUST00082,Male,0,54,No,DSL,46.85,2664.44,No
CUST00083,Female,1,61,No,Fiber optic,93.61,5825.03,Yes
CUST00084,Male,0,1,Yes,DSL,106.59,98.19,Yes
CUST00085,Male,1,11,No,DSL,82.95,816.25,Yes
CUST00086,Male,1,3,Yes,DSL,87.61,279.9,No
CUST00087,Male,0,53,No,DSL,73.74,3717.06,No
CUST00088,Male,0,8,Yes,Fiber optic,78.94,669.66,Yes
CUST00089,Male,0,60,No,No,94.06,5904.1,No
CUST00090,Female,0,4,Yes,No,75.27,271.37,Yes
CUST00091,Female,0,44,No,No,32.74,1684.42,No
CUST00092,Male,0,28,Yes,DSL,97.01,2503.1,No
CUST00093,Male,0,10,No,Fiber optic,82.4,800.16,Yes
CUST00094,Female,0,7,Yes,No,90.83,693.49,No
CUST00095,Female,0,30,Yes,DSL,96.26,2881.07,No
CUST00096,Male,0,22,Yes,DSL,29.96,619.09,No
CUST00097,Female,0,36,No,Fiber optic,31.28,834.31,No
CUST00098,Female,0,52,No,Fiber optic,44.79,2829.53,Yes
CUST00099,Male,1,12,Yes,Fiber optic,29.77,412.77,No
CUST00100,Female,1,65,Yes,DSL,69.39,4676.54,No
CUST00101,Male,0,59,No,DSL,30.0,1241.42,No
CUST00102,Male,0,52,No,Fiber optic,31.11,1409.97,No
CUST00103,Male,0,2,No,No,62.17,140.41,No
CUST00104,Male,0,2,No,Fiber optic,102.29,194.82,Yes
CUST00105,Female,0,40,No,DSL,38.28,1622.07,No
CUST00106,Male,0,46,No,Fiber optic,46.31,2430.4,No
CUST00107,Male,1,12,Yes,DSL,82.58,975.04,No
CUST00108,Male,1,6,No,DSL,91.44,600.56,Yes
CUST00109,Female,1,44,No,DSL,92.47,4254.59,No
CUST00110,Female,0,55,No,No,96.84,5673.38,No
CUST00111,Male,0,61,Yes,No,38.81,2350.0,No
CUST00112,Male,0,68,No,No,65.06,3976.25,No
CUST00113,Female,0,13,No,DSL,46.94,610.82,No
CUST00114,Male,0,69,Yes,Fiber optic,42.3,3297.91,No
CUST00115,Female,1,7,Yes,Fiber optic,95.32,608.52,No
CUST00116,Male,1,5,No,Fiber optic,76.49,381.66,No
CUST00117,Female,0,67,Yes,Fiber optic,74.42,5217.49,Yes
CUST00118,Female,0,6,Yes,Fiber optic,72.97,437.31,Yes
CUST00119,Male,1,2,Yes,DSL,101.03,210.63,No
CUST00120,Male,0,16,No,Fiber optic,35.78,529.15,No
CUST00121,Female,0,31,No,No,81.99,2399.6,No
CUST00122,Female,0,11,No,DSL,109.48,,No
CUST00123,Female,0,12,Yes,DSL,44.84,492.16,No
CUST00124,Male,0,8,Yes,Fiber optic,61.53,487.44,Yes
CUST00125,Female,0,42,Yes,Fiber optic,51.9,1914.76,Yes
CUST00126,Female,0,29,No,DSL,83.25,2521.73,No
CUST00127,Male,0,42,No,Fiber optic,91.87,4260.97,Yes
CUST00128,Male,0,0,Yes,Fiber optic,75.54,,No
CUST00129,Female,1,69,No,Fiber optic,60.78,3607.95,No
CUST00130,Female,1,36,No,No,73.71,2607.67,No
CUST00131,Female,0,35,Yes,DSL,43.55,,No
CUST00132,Male,0,3,No,DSL,72.16,218.91,Yes
CUST00133,Male,1,2,No,DSL,80.26,157.46,Yes
CUST00134,Male,0,56,Yes,Fiber optic,23.24,1667.78,No
CUST00135,Female,0,9,No,DSL,68.1,535.7,No
CUST00136,Male,0,2,Yes,Fiber optic,64.87,143.35,No
CUST00137,Female,1,6,No,Fiber optic,85.62,563.62,No
CUST00138,Female,0,12,Yes,DSL,37.0,414.05,No
CUST00139,Female,0,12,Yes,Fiber optic,70.41,,Yes
CUST00140,Female,0,0,Yes,Fiber optic,86.13,,No
CUST00141,Male,1,8,Yes,DSL,71.06,547.47,No
CUST00142,Female,0,25,No,Fiber optic,21.24,704.83,No
CUST00143,Female,1,11,Yes,DSL,99.28,1104.77,No
CUST00144,Female,1,55,No,DSL,33.7,2108.71,No
CUST00145,Female,1,6,No,No,78.65,452.38,Yes
CUST00146,Female,1,43,No,Fiber optic,63.87,2348.14,Yes
CUST00147,Male,0,1,No,Fiber optic,68.86,,Yes
CUST00148,Male,0,23,Yes,No,25.09,704.26,No
CUST00149,Female,0,45,Yes,No,64.06,3013.34,No
CUST00150,Male,0,8,No,Fiber optic,106.72,858.66,Yes
CUST00151,Female,0,65,Yes,No,72.15,4860.21,No
CUST00152,Female,0,39,No,Fiber optic,61.31,2585.09,No
CUST00153,Male,0,65,No,Fiber optic,71.98,4629.42,No
CUST00154,Male,1,7,No,DSL,83.36,523.08,Yes
CUST00155,Female,0,42,No,Fiber optic,29.73,1527.31,No
CUST00156,Male,1,53,Yes,DSL,68.13,3883.82,No
CUST00157,Female,1,31,Yes,No,32.88,757.36,No
CUST00158,Male,0,37,Yes,DSL,99.84,3945.53,No
CUST00159,Male,1,6,No,DSL,76.97,519.06,Yes
CUST00160,Male,0,12,No,Fiber optic,63.67,691.13,No
CUST00161,Female,0,3,Yes,Fiber optic,90.0,250.09,Yes
CUST00162,Male,0,13,Yes,Fiber optic,69.1,976.75,Yes
CUST00163,Male,0,4,Yes,DSL,103.97,,Yes
CUST00164,Female,0,5,Yes,DSL,86.05,430.5,Yes
CUST00165,Female,1,44,No,Fiber optic,22.4,1113.83,No
CUST00166,Male,0,7,No,Fiber optic,89.03,,No
CUST00167,Female,0,51,Yes,Fiber optic,83.82,,No
CUST00168,Male,0,27,Yes,Fiber optic,55.76,1557.7,No
CUST00169,Male,0,54,Yes,DSL,69.33,3966.71,No
CUST00170,Female,0,25,No,DSL,29.11,805.97,No
CUST00171,Female,1,4,No,No,92.35,336.77,Yes
CUST00172,Female,0,64,Yes,No,58.0,4258.98,No
CUST00173,Female,1,70,No,DSL,29.87,2444.94,No
CUST00174,Female,0,30,Yes,Fiber optic,53.85,1317.39,No
CUST00175,Female,0,17,No,Fiber optic,43.89,762.55,No
CUST00176,Male,0,42,No,Fiber optic,58.88,2411.86,No
CUST00177,Male,1,56,Yes,Fiber optic,49.97,,No
CUST00178,Male,1,31,No,Fiber optic,56.09,1534.19,No
CUST00179,Male,0,52,Yes,DSL,71.74,3409.36,No
CUST00180,Male,0,9,Yes,DSL,72.12,679.63,No
CUST00181,Female,0,10,No,DSL,80.84,875.76,No
CUST00182,Female,0,43,Yes,DSL,42.26,1915.54,No
CUST00183,Female,0,28,Yes,Fiber optic,82.17,2191.73,No
CUST00184,Female,0,3,No,Fiber optic,93.5,282.79,No
CUST00185,Male,0,8,No,No,62.3,427.39,No
CUST00186,Male,0,2,Yes,Fiber optic,105.53,213.03,Yes
CUST00187,Male,0,59,No,Fiber optic,61.37,3452.21,No
CUST00188,Female,0,7,No,DSL,94.46,715.25,Yes
CUST00189,Male,1,9,No,Fiber optic,90.95,744.14,No
CUST00190,Female,0,1,No,Fiber optic,75.21,82.43,Yes
CUST00191,Male,1,17,No,DSL,23.86,260.87,No
CUST00192,Male,0,6,Yes,No,96.87,640.27,Yes
CUST00193,Female,0,13,No,Fiber optic,89.56,1208.36,No
CUST00194,Female,0,72,Yes,No,27.07,1718.13,No
CUST00195,Female,0,60,No,DSL,35.31,2709.15,No
CUST00196,Female,1,8,No,DSL,80.34,692.48,No
CUST00197,Male,1,12,No,Fiber optic,87.04,1075.14,Yes
CUST00198,Female,0,11,No,DSL,65.62,808.48,No
CUST00199,Female,0,33,No,DSL,54.15,1541.33,No
CUST00200,Female,1,8,No,Fiber optic,69.06,485.2,No
CUST00201,Male,0,8,Yes,DSL,109.16,892.93,Yes
CUST00202,Female,1,19,No,Fiber optic,78.94,1625.74,Yes
CUST00203,Female,1,9,Yes,Fiber optic,82.36,784.92,No
CUST00204,Male,0,63,No,No,33.86,2323.88,No
CUST00205,Female,1,22,No,Fiber optic,53.47,1017.01,Yes
CUST00206,Female,0,28,No,DSL,62.41,1934.27,No
CUST00207,Female,1,11,Yes,No,86.98,975.45,No
CUST00208,Male,0,35,No,Fiber optic,48.38,1503.63,No
CUST00209,Female,0,9,No,No,62.83,583.36,No
CUST00210,Male,0,4,No,DSL,99.59,408.58,Yes
CUST00211,Male,0,20,Yes,No,48.4,985.98,No
CUST00212,Female,0,34,No,Fiber optic,42.12,1467.87,Yes
CUST00213,Female,0,0,No,DSL,62.88,,No
CUST00214,Female,0,49,No,Fiber optic,35.38,2105.21,No
CUST00215,Female,0,54,No,No,40.37,2217.87,No
CUST00216,Female,0,15,No,DSL,98.34,1563.05,No
CUST00217,Female,0,68,Yes,DSL,24.89,1830.26,No
CUST00218,Female,0,59,No,Fiber optic,95.64,5236.15,Yes
CUST00219,Female,0,25,Yes,No,96.38,,No
CUST00220,Female,0,33,Yes,No,91.64,3182.07,No
CUST00221,Female,1,12,No,Fiber optic,24.78,211.11,No
CUST00222,Male,1,3,Yes,DSL,102.66,328.93,No
CUST00223,Female,0,54,No,Fiber optic,32.76,1639.6,No
CUST00224,Male,0,4,No,DSL,82.75,339.03,Yes
CUST00225,Female,0,15,Yes,No,36.74,647.68,No
CUST00226,Male,0,32,No,DSL,76.52,2214.49,No
CUST00227,Female,0,24,Yes,DSL,27.28,664.54,No
CUST00228,Female,0,69,No,No,28.44,2532.55,No
CUST00229,Male,0,10,No,DSL,71.59,,No
CUST00230,Female,1,2,No,Fiber optic,77.92,164.32,Yes
CUST00231,Female,1,47,No,DSL,90.95,4111.79,No
CUST00232,Female,1,35,Yes,Fiber optic,76.2,,Yes
CUST00233,Male,1,37,Yes,Fiber optic,84.46,3352.15,No
CUST00234,Male,1,9,Yes,DSL,101.52,954.65,Yes
CUST00235,Male,0,10,No,Fiber optic,79.81,806.31,Yes
CUST00236,Female,0,9,Yes,Fiber optic,99.83,988.15,Yes
CUST00237,Male,0,40,No,No,30.25,1124.74,No
CUST00238,Female,1,56,No,Fiber optic,27.21,1886.25,No
CUST00239,Male,1,21,No,Fiber optic,31.44,650.58,No
CUST00240,Male,0,0,No,Fiber optic,73.24,,Yes
CUST00241,Male,1,7,Yes,Fiber optic,92.6,709.04,Yes
CUST00242,Female,0,23,Yes,DSL,93.8,2263.81,No
CUST00243,Female,0,65,No,DSL,35.56,2548.65,No
CUST00244,Female,0,52,No,Fiber optic,99.73,5485.61,No
CUST00245,Female,0,12,No,DSL,77.98,,No
CUST00246,Female,0,54,Yes,DSL,92.41,4931.02,No
CUST00247,Female,0,0,No,DSL,75.01,,Yes
CUST00248,Female,1,6,Yes,Fiber optic,94.27,575.4,No
CUST00249,Female,0,10,No,Fiber optic,63.25,668.37,No
CUST00250,Female,0,31,Yes,DSL,89.36,2518.9,No
CUST00251,Male,0,38,No,Fiber optic,53.23,1938.51,No
CUST00252,Male,0,23,Yes,No,61.91,1618.27,No
CUST00253,Male,1,65,No,No,21.33,1832.67,No
CUST00254,Female,0,40,Yes,Fiber optic,63.41,2580.08,Yes
CUST00255,Male,0,15,Yes,No,38.33,653.07,No
CUST00256,Male,0,36,Yes,Fiber optic,81.68,2951.79,Yes
CUST00257,Female,0,50,Yes,DSL,96.35,5188.52,No
CUST00258,Female,0,71,Yes,Fiber optic,45.02,3684.66,No
CUST00259,Male,0,21,No,Fiber optic,95.12,2200.27,No
CUST00260,Male,0,26,No,Fiber optic,72.24,1874.46,No
CUST00261,Female,0,34,Yes,No,22.47,898.7,No
CUST00262,Female,0,33,Yes,DSL,80.28,2453.83,No
CUST00263,Female,0,6,Yes,Fiber optic,100.0,594.77,No
CUST00264,Female,0,9,No,Fiber optic,84.06,714.48,No
CUST00265,Male,0,7,No,DSL,92.35,690.53,No
CUST00266,Female,0,48,Yes,DSL,51.09,2653.96,No
CUST00267,Male,0,7,No,DSL,108.97,826.23,Yes
CUST00268,Female,0,54,No,Fiber optic,52.93,2344.09,Yes
CUST00269,Female,1,7,Yes,Fiber optic,83.49,633.59,Yes
CUST00270,Female,1,8,No,Fiber optic,104.02,876.77,Yes
CUST00271,Female,0,2,Yes,DSL,102.64,196.27,Yes
CUST00272,Male,0,3,Yes,Fiber optic,70.25,239.21,Yes
CUST00273,Female,0,9,No,DSL,89.47,,Yes
CUST00274,Female,0,14,No,DSL,44.06,532.81,No
CUST00275,Male,0,10,No,DSL,94.52,973.5,No
CUST00276,Female,1,63,Yes,DSL,20.15,,Yes
CUST00277,Female,0,7,No,Fiber optic,72.18,473.3,Yes
CUST00278,Male,1,5,Yes,DSL,64.85,307.45,Yes
CUST00279,Female,0,65,Yes,Fiber optic,43.12,2327.66,No
CUST00280,Female,0,59,Yes,Fiber optic,86.76,4598.77,No
CUST00281,Male,0,8,Yes,Fiber optic,96.84,750.88,Yes
CUST00282,Female,0,8,No,DSL,64.13,462.97,No
CUST00283,Male,1,1,Yes,DSL,60.44,69.62,No
CUST00284,Female,0,11,No,DSL,74.22,860.15,Yes
CUST00285,Female,0,72,Yes,DSL,55.68,4078.61,No
CUST00286,Female,0,22,No,Fiber optic,51.93,1265.97,No
CUST00287,Male,0,5,No,Fiber optic,88.88,461.92,No
CUST00288,Male,0,13,Yes,Fiber optic,80.89,,No
CUST00289,Female,0,6,Yes,No,95.05,626.52,Yes
CUST00290,Female,1,11,Yes,No,89.39,894.31,Yes
CUST00291,Female,0,1,No,Fiber optic,62.48,60.4,No
CUST00292,Female,0,63,Yes,DSL,56.59,3848.99,No
CUST00293,Female,1,12,Yes,Fiber optic,90.78,1019.38,No
CUST00294,Female,0,18,Yes,DSL,31.64,437.25,No
CUST00295,Male,0,11,Yes,Fiber optic,67.03,771.43,No
CUST00296,Female,0,10,Yes,Fiber optic,90.06,909.0,Yes
CUST00297,Female,0,5,Yes,No,85.07,380.82,Yes
CUST00298,Male,1,2,No,Fiber optic,105.37,213.63,Yes
CUST00299,Male,1,31,Yes,No,55.91,1713.12,Yes
CUST00300,Male,0,40,No,DSL,37.06,1555.11,No
CUST00301,Female,0,56,Yes,Fiber optic,60.79,3156.35,No
CUST00302,Female,0,56,No,DSL,38.87,,No
CUST00303,Female,0,10,No,DSL,108.6,1041.52,Yes
CUST00304,Male,0,60,Yes,Fiber optic,99.42,5785.53,No
CUST00305,Male,0,0,Yes,DSL,97.31,,Yes
CUST00306,Female,0,8,No,No,64.99,467.45,No
CUST00307,Female,0,0,No,DSL,90.16,,No
CUST00308,Female,1,6,Yes,Fiber optic,93.75,,Yes
CUST00309,Male,0,56,No,Fiber optic,73.1,3666.91,No
CUST00310,Male,0,0,No,DSL,96.84,,No
CUST00311,Female,0,24,Yes,DSL,75.16,1700.53,No
CUST00312,Female,1,17,No,Fiber optic,48.4,897.8,Yes
CUST00313,Female,0,46,Yes,DSL,84.67,4276.07,No
CUST00314,Male,0,0,Yes,DSL,101.52,,Yes
CUST00315,Female,0,20,No,No,47.14,862.44,No
CUST00316,Female,1,10,No,DSL,88.73,829.31,No
CUST00317,Male,0,50,No,DSL,36.33,1479.5,No
CUST00318,Male,0,61,Yes,Fiber optic,66.5,4563.83,Yes
CUST00319,Male,0,17,No,DSL,89.8,1593.11,No
CUST00320,Female,1,0,Yes,DSL,84.73,,No
CUST00321,Female,0,1,Yes,Fiber optic,102.26,101.1,Yes
CUST00322,Female,0,31,No,Fiber optic,23.59,778.87,No
CUST00323,Male,0,31,No,Fiber optic,85.74,2385.62,Yes
CUST00324,Female,1,11,Yes,Fiber optic,109.98,1275.61,Yes
CUST00325,Male,0,4,Yes,DSL,90.45,,No
CUST00326,Male,1,28,No,DSL,47.24,,No
CUST00327,Male,1,44,No,DSL,29.7,949.58,No
CUST00328,Female,0,34,No,DSL,81.81,2700.69,No
CUST00329,Male,0,57,No,Fiber optic,73.86,,No
CUST00330,Female,0,1,No,Fiber optic,101.0,99.8,No
CUST00331,Male,0,19,Yes,DSL,60.16,1296.19,No
CUST00332,Female,0,52,No,No,38.81,2089.39,No
CUST00333,Male,1,9,Yes,No,92.17,785.49,No
CUST00334,Male,0,16,No,DSL,93.2,1531.37,No
CUST00335,Female,0,28,Yes,DSL,57.33,1470.56,No
CUST00336,Female,0,62,No,Fiber optic,93.22,5777.84,No
CUST00337,Female,0,29,Yes,DSL,89.64,2731.4,No
CUST00338,Male,0,12,Yes,No,53.76,724.42,No
CUST00339,Male,0,62,Yes,No,27.9,1860.77,No
CUST00340,Male,0,52,Yes,Fiber optic,23.99,1011.84,Yes
CUST00341,Male,0,33,No,No,45.21,1349.9,No
CUST00342,Male,0,29,No,No,59.78,1609.39,No
CUST00343,Male,1,15,No,DSL,48.53,867.7,No
CUST00344,Male,0,11,Yes,DSL,74.4,846.74,Yes
CUST00345,Female,0,12,Yes,No,26.48,307.24,No
CUST00346,Female,1,27,Yes,Fiber optic,55.4,1230.58,Yes
CUST00347,Male,0,0,No,Fiber optic,78.26,,Yes
CUST00348,Female,0,60,No,Fiber optic,53.69,3303.27,Yes
CUST00349,Male,0,0,No,DSL,78.13,,Yes
CUST00350,Female,1,53,No,No,22.2,853.47,No
CUST00351,Male,1,3,Yes,Fiber optic,79.82,215.86,Yes
CUST00352,Male,0,12,Yes,No,26.7,374.49,No
CUST00353,Female,1,6,No,No,62.69,397.83,No
CUST00354,Female,0,47,No,DSL,68.97,3608.74,No
CUST00355,Female,0,59,No,Fiber optic,50.17,2896.43,No
CUST00356,Female,0,20,No,No,73.68,1473.75,No
CUST00357,Male,0,2,No,No,99.04,208.43,Yes
CUST00358,Male,1,0,Yes,DSL,88.49,,Yes
CUST00359,Female,0,57,Yes,Fiber optic,38.56,2252.33,Yes
CUST00360,Female,0,6,No,DSL,67.53,460.98,No
CUST00361,Female,0,67,No,DSL,85.09,5362.86,No
CUST00362,Male,1,3,Yes,No,60.4,188.68,No
CUST00363,Male,0,26,Yes,DSL,74.12,1717.69,No
CUST00364,Male,0,5,No,DSL,103.02,549.56,No
CUST00365,Female,1,19,No,DSL,35.13,507.74,Yes
CUST00366,Male,1,57,No,DSL,82.95,4878.38,Yes
CUST00367,Female,0,58,Yes,Fiber optic,21.99,953.61,No
CUST00368,Female,0,46,No,DSL,84.96,4244.54,No
CUST00369,Male,0,48,Yes,No,40.1,1610.67,No
CUST00370,Female,1,0,No,No,64.75,,No
CUST00371,Male,0,6,No,No,88.63,555.18,Yes
CUST00372,Female,0,6,Yes,No,104.43,621.25,Yes
CUST00373,Male,1,52,Yes,DSL,85.2,4926.98,No
CUST00374,Male,0,41,Yes,Fiber optic,76.94,2762.54,No
CUST00375,Male,0,24,No,Fiber optic,29.18,510.26,Yes
CUST00376,Female,0,67,No,DSL,94.16,6837.12,No
CUST00377,Female,0,44,No,Fiber optic,89.52,3804.59,No
CUST00378,Female,0,53,Yes,Fiber optic,80.7,4758.14,No
CUST00379,Male,1,5,Yes,DSL,93.7,437.58,Yes
CUST00380,Male,0,68,No,DSL,44.67,3090.23,No
CUST00381,Male,0,37,Yes,Fiber optic,63.97,2136.47,Yes
CUST00382,Female,0,5,Yes,Fiber optic,76.52,366.41,Yes
CUST00383,Male,1,2,Yes,No,86.36,165.03,Yes
CUST00384,Female,0,47,Yes,DSL,48.26,2395.9,No
CUST00385,Female,0,23,Yes,Fiber optic,29.92,675.29,No
CUST00386,Male,0,46,No,DSL,93.54,4187.68,No
CUST00387,Female,0,1,No,Fiber optic,71.22,63.95,Yes
CUST00388,Male,0,69,No,No,74.06,4829.71,No
CUST00389,Female,1,8,No,Fiber optic,79.77,618.39,Yes
CUST00390,Female,0,32,No,Fiber optic,59.02,2057.32,Yes
CUST00391,Female,0,9,Yes,Fiber optic,63.63,604.59,No
CUST00392,Male,0,11,Yes,No,85.55,942.67,No
CUST00393,Female,0,47,No,Fiber optic,45.33,2048.57,No
CUST00394,Female,0,48,Yes,No,45.39,2061.32,No
CUST00395,Female,0,16,Yes,DSL,32.67,519.15,No
CUST00396,Female,0,49,Yes,DSL,79.64,4036.92,No
CUST00397,Female,0,20,Yes,DSL,62.92,1303.57,No
CUST00398,Female,1,1,Yes,Fiber optic,102.86,102.82,Yes
CUST00399,Female,1,34,No,No,74.55,2643.3,No
CUST00400,Male,0,4,Yes,Fiber optic,109.86,446.94,No
CUST00401,Male,1,5,Yes,DSL,88.02,471.37,Yes
CUST00402,Female,0,66,No,No,79.96,5669.28,No
CUST00403,Female,0,12,No,Fiber optic,64.21,816.91,No
CUST00404,Female,0,7,No,DSL,87.6,557.31,Yes
CUST00405,Male,0,11,Yes,No,76.45,,Yes
CUST00406,Female,1,51,No,DSL,33.21,1750.37,No
CUST00407,Female,1,0,No,Fiber optic,90.65,,Yes
CUST00408,Female,0,24,Yes,No,68.18,1550.04,No
CUST00409,Male,0,2,Yes,DSL,65.48,149.37,No
CUST00410,Male,0,12,No,DSL,60.37,638.93,No
CUST00411,Male,0,39,Yes,No,91.79,3960.3,No
CUST00412,Male,0,11,No,Fiber optic,105.03,1077.17,Yes
CUST00413,Male,0,65,Yes,DSL,27.32,2304.43,No
CUST00414,Female,0,2,No,No,99.37,214.26,Yes
CUST00415,Male,0,40,Yes,DSL,68.71,2851.4,No
CUST00416,Female,0,32,Yes,DSL,94.53,3195.64,No
CUST00417,Male,0,53,Yes,Fiber optic,25.6,1875.81,No
CUST00418,Female,0,6,No,Fiber optic,71.24,452.41,Yes
CUST00419,Male,0,0,Yes,Fiber optic,62.65,,No
CUST00420,Female,0,42,Yes,Fiber optic,98.12,3902.51,No
CUST00421,Male,1,0,No,Fiber optic,85.94,,Yes
CUST00422,Female,0,56,No,DSL,52.91,3261.18,No
CUST00423,Male,0,57,Yes,No,85.66,4805.32,No
CUST00424,Male,0,5,Yes,DSL,108.54,518.13,Yes
CUST00425,Male,0,10,No,No,85.23,767.54,Yes
CUST00426,Male,1,35,Yes,Fiber optic,56.96,2060.06,No
CUST00427,Male,0,52,Yes,DSL,30.26,1141.8,No
CUST00428,Male,0,10,No,No,94.85,997.51,Yes
CUST00429,Female,1,3,No,Fiber optic,100.54,323.91,No
CUST00430,Female,0,5,No,Fiber optic,94.99,462.35,Yes
CUST00431,Female,0,16,No,Fiber optic,96.94,1506.62,No
CUST00432,Male,1,13,No,No,76.4,1076.23,No
CUST00433,Male,0,7,Yes,DSL,105.99,681.99,No
CUST00434,Female,0,10,No,No,102.88,1003.42,No
CUST00435,Male,0,8,No,DSL,82.01,712.88,Yes
CUST00436,Male,0,51,Yes,DSL,87.11,4714.37,No
CUST00437,Female,0,68,Yes,DSL,82.24,5330.62,No
CUST00438,Female,0,18,Yes,Fiber optic,41.24,598.87,No
CUST00439,Male,0,0,Yes,Fiber optic,108.13,,No
CUST00440,Female,0,51,No,Fiber optic,45.13,2001.19,Yes
CUST00441,Female,0,24,No,Fiber optic,55.76,1479.1,No
CUST00442,Male,0,12,No,Fiber optic,62.73,777.89,Yes
CUST00443,Female,0,8,Yes,No,102.25,881.22,Yes
CUST00444,Female,0,6,Yes,DSL,85.81,501.97,Yes
CUST00445,Female,1,56,Yes,DSL,27.27,1968.32,Yes
CUST00446,Male,0,8,Yes,DSL,97.84,811.45,No
CUST00447,Female,1,6,No,No,86.47,503.01,Yes
CUST00448,Female,1,59,No,DSL,28.54,1118.88,No
CUST00449,Male,0,0,No,Fiber optic,106.74,,No
CUST00450,Male,0,63,No,No,20.39,963.84,No
CUST00451,Female,0,66,No,DSL,28.83,1521.81,No
CUST00452,Female,0,32,Yes,Fiber optic,99.84,3411.72,No
CUST00453,Female,1,62,No,Fiber optic,59.19,3960.83,Yes
CUST00454,Female,0,34,No,Fiber optic,38.78,1540.18,No
CUST00455,Male,0,36,No,No,74.71,2805.43,No
CUST00456,Male,0,42,No,Fiber optic,94.91,4157.05,No
CUST00457,Female,1,12,No,Fiber optic,90.71,1143.08,Yes
CUST00458,Male,1,11,No,Fiber optic,84.18,1000.26,Yes
CUST00459,Male,0,10,Yes,DSL,64.12,,No
CUST00460,Female,1,11,Yes,No,90.72,1066.54,No
CUST00461,Female,0,72,No,DSL,37.14,2424.56,No
CUST00462,Female,0,9,Yes,Fiber optic,107.66,1020.86,Yes
CUST00463,Male,0,47,Yes,No,75.29,3576.49,No
CUST00464,Male,0,4,Yes,Fiber optic,86.63,372.01,Yes
CUST00465,Female,1,27,Yes,No,40.02,1034.41,No
CUST00466,Female,0,6,No,No,84.94,528.98,No
CUST00467,Female,0,15,Yes,Fiber optic,65.8,1089.93,No
CUST00468,Male,0,51,Yes,Fiber optic,22.7,1513.01,Yes
CUST00469,Male,0,65,No,No,33.75,2719.85,No
CUST00470,Female,0,32,No,DSL,87.4,2743.9,No
CUST00471,Female,0,4,Yes,DSL,99.06,364.55,Yes
CUST00472,Female,0,27,Yes,DSL,27.79,647.32,No
CUST00473,Female,0,69,Yes,No,41.66,2634.47,No
CUST00474,Male,0,43,Yes,No,88.06,3993.95,No
CUST00475,Female,0,46,No,DSL,41.04,1967.87,No
CUST00476,Male,0,36,No,No,44.01,1382.57,No
CUST00477,Male,0,1,Yes,DSL,94.23,92.33,No
CUST00478,Female,0,34,No,Fiber optic,54.06,1601.61,Yes
CUST00479,Male,0,47,Yes,Fiber optic,82.19,4120.4,Yes
CUST00480,Female,0,44,Yes,No,25.5,1143.84,No
CUST00481,Female,0,32,Yes,Fiber optic,68.56,1903.47,No
CUST00482,Male,1,64,Yes,Fiber optic,32.24,1784.24,No
CUST00483,Male,0,37,Yes,DSL,56.31,2252.45,No
CUST00484,Male,0,72,Yes,DSL,57.02,,No
CUST00485,Male,0,34,No,DSL,88.8,2771.59,No
CUST00486,Male,0,1,No,Fiber optic,102.59,110.77,No
CUST00487,Female,0,26,Yes,No,83.37,2052.14,No
CUST00488,Male,0,35,Yes,No,65.86,2149.55,No
CUST00489,Female,1,8,No,No,87.73,,No
CUST00490,Female,0,49,No,DSL,30.89,1783.63,No
CUST00491,Female,0,60,No,Fiber optic,67.52,4400.38,No
CUST00492,Male,0,17,No,DSL,34.75,662.07,No
CUST00493,Female,0,12,No,Fiber optic,95.59,1265.18,Yes
CUST00494,Female,0,2,Yes,No,63.0,106.36,No
CUST00495,Male,0,5,Yes,Fiber optic,64.05,317.41,Yes
CUST00496,Female,0,3,Yes,Fiber optic,71.14,218.44,Yes
CUST00497,Male,1,0,No,Fiber optic,98.39,,Yes
CUST00498,Male,0,69,Yes,No,77.27,5876.04,No
CUST00499,Female,0,66,Yes,Fiber optic,31.51,1499.82,No
CUST00500,Female,0,8,Yes,Fiber optic,78.85,606.73,No
CUST00501,Female,0,50,No,No,64.06,2946.91,No
CUST00502,Male,0,21,Yes,Fiber optic,34.85,881.23,Yes
CUST00503,Male,0,13,No,DSL,38.12,391.8,No
CUST00504,Male,0,6,Yes,No,86.1,461.94,Yes
CUST00505,Male,0,10,Yes,Fiber optic,105.84,1001.82,No
CUST00506,Female,0,35,Yes,Fiber optic,28.74,843.2,No
CUST00507,Female,0,44,Yes,DSL,20.67,591.23,No
CUST00508,Female,0,49,No,DSL,55.5,2462.35,No
CUST00509,Male,1,68,No,DSL,22.67,2183.78,No
CUST00510,Female,0,2,Yes,DSL,92.8,169.1,Yes
CUST00511,Male,1,14,No,No,48.13,621.07,Yes
CUST00512,Male,0,37,Yes,No,82.92,2842.22,No
CUST00513,Male,0,5,Yes,Fiber optic,95.49,505.93,Yes
CUST00514,Female,0,38,No,DSL,25.07,812.82,No
CUST00515,Male,0,0,Yes,DSL,99.38,,Yes
CUST00516,Female,0,45,No,DSL,76.42,3860.44,No
CUST00517,Male,0,12,No,No,82.2,1036.81,No
CUST00518,Male,1,4,No,DSL,87.55,327.13,Yes
CUST00519,Female,1,41,No,Fiber optic,34.51,1748.08,Yes
CUST00520,Male,0,7,No,Fiber optic,79.68,,Yes
CUST00521,Male,0,29,No,No,34.22,838.72,No
CUST00522,Male,0,9,No,DSL,102.17,976.0,Yes
CUST00523,Male,0,70,Yes,DSL,51.71,4211.55,No
CUST00524,Female,0,38,Yes,DSL,64.97,2528.73,No
CUST00525,Male,0,2,No,DSL,94.72,207.32,No
CUST00526,Female,0,6,Yes,Fiber optic,83.56,483.78,Yes
CUST00527,Male,0,3,Yes,DSL,84.51,258.98,Yes
CUST00528,Male,0,12,Yes,Fiber optic,42.54,476.56,No
CUST00529,Female,0,6,Yes,Fiber optic,85.37,511.47,Yes
CUST00530,Male,0,16,No,No,62.45,896.44,No
CUST00531,Female,0,2,No,Fiber optic,71.84,158.06,Yes
CUST00532,Female,0,40,No,DSL,38.07,1352.24,No
CUST00533,Female,0,12,Yes,No,51.91,657.08,No
CUST00534,Female,0,70,Yes,Fiber optic,97.33,,No
CUST00535,Male,0,1,No,No,107.74,111.68,No
CUST00536,Male,0,62,Yes,Fiber optic,23.58,1656.7,Yes
CUST00537,Female,0,53,No,Fiber optic,24.02,861.9,No
CUST00538,Male,1,5,No,Fiber optic,60.51,344.6,Yes
CUST00539,Male,0,23,Yes,DSL,38.07,,No
CUST00540,Male,0,9,No,DSL,97.85,962.78,No
CUST00541,Male,0,2,Yes,Fiber optic,93.84,186.81,Yes
CUST00542,Female,0,3,No,No,104.92,326.21,No
CUST00543,Female,0,12,Yes,DSL,32.83,471.54,No
CUST00544,Male,1,20,Yes,No,89.08,1629.23,Yes
CUST00545,Male,0,1,No,No,83.41,,No
CUST00546,Male,0,57,No,DSL,54.16,2776.91,No
CUST00547,Male,0,33,No,DSL,63.42,2190.9,No
CUST00548,Male,0,1,Yes,No,76.6,82.92,Yes
CUST00549,Male,0,0,Yes,DSL,80.57,,Yes
CUST00550,Male,0,9,No,DSL,80.72,784.69,No
CUST00551,Male,0,64,Yes,Fiber optic,78.09,5522.49,No
CUST00552,Female,0,47,Yes,Fiber optic,50.17,1935.37,No
CUST00553,Female,1,7,Yes,Fiber optic,61.86,402.84,Yes
CUST00554,Male,0,5,No,Fiber optic,76.71,427.32,Yes
CUST00555,Male,1,25,Yes,Fiber optic,92.55,2537.5,No
CUST00556,Female,0,22,Yes,DSL,76.66,1502.16,No
CUST00557,Male,1,2,Yes,DSL,78.58,160.96,No
CUST00558,Female,1,62,Yes,Fiber optic,84.16,,Yes
CUST00559,Female,0,10,Yes,DSL,69.12,655.75,No
CUST00560,Male,0,52,Yes,Fiber optic,69.08,3293.28,Yes
CUST00561,Male,0,39,No,DSL,97.4,3926.62,No
CUST00562,Female,0,6,No,DSL,65.08,414.83,No
CUST00563,Female,0,31,No,No,82.52,2423.9,No
CUST00564,Male,0,49,Yes,DSL,75.69,3278.18,No
CUST00565,Female,0,0,Yes,DSL,71.06,,Yes
CUST00566,Female,0,6,No,DSL,64.6,369.83,No
CUST00567,Female,0,2,No,Fiber optic,109.36,229.11,No
CUST00568,Male,0,11,No,No,91.56,983.65,No
CUST00569,Female,0,40,Yes,DSL,21.37,1089.74,No
CUST00570,Female,0,60,Yes,Fiber optic,70.63,3950.58,Yes
CUST00571,Male,0,56,Yes,DSL,79.37,4905.8,No
CUST00572,Male,0,39,No,Fiber optic,80.71,2981.15,No
CUST00573,Male,0,17,Yes,DSL,44.04,672.14,No
CUST00574,Male,0,10,Yes,No,81.83,825.59,Yes
CUST00575,Male,0,1,Yes,Fiber optic,91.55,88.45,No
CUST00576,Female,0,8,Yes,Fiber optic,74.73,631.65,Yes
CUST00577,Female,1,43,Yes,DSL,99.0,4214.3,No
CUST00578,Female,1,1,No,Fiber optic,107.06,105.46,Yes
CUST00579,Female,0,26,No,Fiber optic,88.55,2096.8,No
CUST00580,Female,0,13,Yes,No,54.66,590.03,No
CUST00581,Male,0,68,Yes,DSL,86.96,5841.92,No
CUST00582,Female,0,42,Yes,No,52.19,2250.17,No
CUST00583,Male,0,9,No,Fiber optic,78.15,789.95,Yes
CUST00584,Male,0,41,Yes,DSL,99.0,3743.83,No
CUST00585,Female,0,0,Yes,Fiber optic,109.1,,Yes
CUST00586,Female,0,3,No,No,74.19,203.04,Yes
CUST00587,Male,0,53,Yes,Fiber optic,37.74,2262.53,No
CUST00588,Female,0,33,No,Fiber optic,29.91,761.34,No
CUST00589,Male,0,2,Yes,No,79.95,149.21,Yes
CUST00590,Female,0,4,No,Fiber optic,74.71,,Yes
CUST00591,Male,0,1,No,DSL,86.2,87.45,Yes
CUST00592,Male,0,6,Yes,Fiber optic,109.37,642.07,No
CUST00593,Male,1,6,Yes,DSL,60.44,310.07,No
CUST00594,Female,0,34,No,Fiber optic,70.69,2242.24,No
CUST00595,Male,0,40,Yes,DSL,75.68,3343.38,No
CUST00596,Male,0,23,Yes,DSL,41.39,951.66,No
CUST00597,Male,0,64,No,Fiber optic,52.21,3502.1,Yes
CUST00598,Male,0,56,No,No,45.04,1998.74,No
CUST00599,Male,0,2,Yes,Fiber optic,103.8,221.08,Yes
CUST00600,Male,1,2,No,Fiber optic,92.1,166.14,No
CUST00601,Male,0,42,No,DSL,78.43,3173.95,No
CUST00602,Male,0,33,No,DSL,56.03,1722.36,No
CUST00603,Male,0,6,No,DSL,76.16,403.12,Yes
CUST00604,Female,0,59,No,No,66.74,3606.87,No
CUST00605,Female,0,56,Yes,Fiber optic,40.26,2287.8,No
CUST00606,Female,0,68,No,Fiber optic,49.89,3007.06,No
CUST00607,Female,0,15,Yes,Fiber optic,46.99,786.64,Yes
CUST00608,Male,0,2,Yes,Fiber optic,77.05,153.53,No
CUST00609,Male,0,52,Yes,DSL,46.51,2114.51,No
CUST00610,Female,0,31,Yes,Fiber optic,43.79,1591.01,Yes
CUST00611,Male,0,50,No,DSL,28.71,1362.44,No
CUST00612,Female,0,3,No,DSL,80.23,217.42,No
CUST00613,Female,0,60,Yes,Fiber optic,29.31,2040.3,No
CUST00614,Female,0,1,Yes,DSL,99.86,97.26,Yes
CUST00615,Male,0,7,No,Fiber optic,98.17,708.96,Yes
CUST00616,Male,0,23,Yes,Fiber optic,83.21,1885.49,No
CUST00617,Female,0,65,Yes,Fiber optic,31.29,2358.16,Yes
CUST00618,Female,0,2,No,Fiber optic,103.62,206.93,No
CUST00619,Female,0,14,No,Fiber optic,59.28,806.92,No
CUST00620,Female,1,33,Yes,DSL,62.05,1931.4,No
CUST00621,Female,0,39,Yes,DSL,40.64,1697.67,No
CUST00622,Male,0,38,Yes,Fiber optic,89.54,,Yes
CUST00623,Male,1,71,Yes,DSL,21.36,890.49,Yes
CUST00624,Male,1,42,Yes,DSL,37.79,1182.8,No
CUST00625,Female,1,57,Yes,DSL,77.18,3930.33,No
CUST00626,Male,0,12,Yes,No,34.7,299.51,No
CUST00627,Male,0,66,No,Fiber optic,76.04,5632.48,No
CUST00628,Female,0,7,Yes,Fiber optic,70.78,562.7,Yes
CUST00629,Female,1,67,No,DSL,65.98,4474.94,No
CUST00630,Male,0,3,Yes,DSL,103.37,,No
CUST00631,Male,0,0,No,Fiber optic,60.36,,No
CUST00632,Male,0,33,No,DSL,39.33,1329.15,No
CUST00633,Male,0,10,No,DSL,72.88,769.78,Yes
CUST00634,Male,1,33,No,No,53.1,2018.15,Yes
CUST00635,Male,0,23,Yes,DSL,65.66,1681.88,No
CUST00636,Male,1,48,No,DSL,53.95,2902.07,No
CUST00637,Female,0,64,No,DSL,83.22,4768.1,No
CUST00638,Female,1,34,Yes,DSL,48.72,1549.75,No
CUST00639,Male,0,43,Yes,Fiber optic,31.9,1132.31,Yes
CUST00640,Male,0,38,No,DSL,23.78,985.25,No
CUST00641,Female,1,32,No,No,81.41,2719.69,No
CUST00642,Female,0,54,Yes,DSL,52.14,2409.49,No
CUST00643,Male,0,10,Yes,DSL,102.34,1015.05,Yes
CUST00644,Male,0,58,Yes,Fiber optic,66.28,3672.21,Yes
CUST00645,Male,0,47,No,Fiber optic,33.9,2044.14,No
CUST00646,Male,0,3,Yes,DSL,90.2,275.89,Yes
CUST00647,Male,0,0,No,Fiber optic,74.96,,Yes
CUST00648,Female,0,33,No,No,71.56,2448.04,No
CUST00649,Male,0,48,No,No,55.53,2736.54,No
CUST00650,Female,0,6,Yes,No,74.92,463.53,No
CUST00651,Female,0,3,No,DSL,86.29,274.05,No
CUST00652,Male,0,5,No,Fiber optic,88.25,422.56,Yes
CUST00653,Female,0,46,No,Fiber optic,64.83,,Yes
CUST00654,Male,0,35,Yes,DSL,72.91,2697.85,No
CUST00655,Male,0,4,Yes,DSL,98.64,372.44,No
CUST00656,Female,0,12,No,Fiber optic,99.41,1084.77,No
CUST00657,Female,1,31,No,DSL,82.67,2593.57,No
CUST00658,Male,0,41,Yes,No,84.76,3409.03,No
CUST00659,Male,1,28,Yes,No,49.34,1579.3,No
CUST00660,Female,1,60,Yes,DSL,67.18,4156.3,Yes
CUST00661,Female,0,70,Yes,Fiber optic,97.9,6808.03,No
CUST00662,Male,1,35,No,Fiber optic,93.64,2933.63,Yes
CUST00663,Male,0,44,No,Fiber optic,83.6,3927.16,No
CUST00664,Male,0,57,Yes,Fiber optic,37.6,2534.73,No
CUST00665,Female,0,53,Yes,Fiber optic,99.05,5483.43,Yes
CUST00666,Female,1,53,Yes,DSL,27.27,1962.16,No
CUST00667,Female,0,3,No,Fiber optic,73.4,242.59,Yes
CUST00668,Female,0,58,Yes,DSL,45.8,2761.81,No
CUST00669,Male,0,8,No,Fiber optic,70.4,617.7,No
CUST00670,Female,0,1,No,DSL,71.33,65.98,Yes
CUST00671,Male,0,9,No,DSL,66.63,568.14,No
CUST00672,Female,0,63,Yes,DSL,44.41,3311.44,No
CUST00673,Male,0,27,Yes,DSL,83.8,2033.25,No
CUST00674,Male,0,1,Yes,Fiber optic,104.6,107.06,Yes
CUST00675,Male,0,39,Yes,No,38.57,1327.23,No
CUST00676,Male,0,49,Yes,No,82.03,3663.48,No
CUST00677,Female,0,14,Yes,DSL,21.05,255.51,No
CUST00678,Female,1,47,No,Fiber optic,39.07,1414.97,No
CUST00679,Male,0,6,No,Fiber optic,97.91,530.13,Yes
CUST00680,Female,0,4,No,Fiber optic,67.33,305.99,No
CUST00681,Male,0,12,Yes,DSL,28.0,227.06,No
CUST00682,Male,0,5,No,Fiber optic,98.07,522.81,Yes
CUST00683,Female,1,12,No,Fiber optic,73.13,,Yes
CUST00684,Female,0,64,No,Fiber optic,31.36,1606.45,Yes
CUST00685,Male,1,66,No,No,64.19,4480.02,No
CUST00686,Male,1,32,No,DSL,37.67,1052.69,No
CUST00687,Female,1,15,No,DSL,52.11,634.67,No
CUST00688,Male,0,30,Yes,DSL,74.4,2270.42,No
CUST00689,Male,1,18,No,DSL,79.41,1288.29,Yes
CUST00690,Female,0,2,No,Fiber optic,100.03,190.73,No
CUST00691,Female,0,50,Yes,Fiber optic,63.4,,Yes
CUST00692,Female,0,18,No,Fiber optic,91.3,1651.67,No
CUST00693,Male,0,5,No,Fiber optic,72.19,405.06,Yes
CUST00694,Male,0,61,Yes,DSL,40.37,2109.61,No
CUST00695,Female,0,2,Yes,Fiber optic,100.54,203.9,Yes
CUST00696,Female,1,43,Yes,No,76.14,3240.12,No
CUST00697,Female,0,4,No,No,83.32,355.14,Yes
CUST00698,Male,0,70,Yes,DSL,96.38,7263.07,No
CUST00699,Female,1,5,No,DSL,83.48,461.65,Yes
CUST00700,Female,1,42,Yes,Fiber optic,38.85,1943.02,No
CUST00701,Female,0,20,Yes,DSL,71.48,1466.54,No
CUST00702,Female,0,30,Yes,Fiber optic,71.88,2114.72,Yes
CUST00703,Female,1,12,No,DSL,71.86,773.9,No
CUST00704,Male,0,34,No,No,84.54,2903.43,No
CUST00705,Female,0,10,Yes,No,92.61,886.68,No
CUST00706,Male,0,1,Yes,DSL,71.4,63.94,Yes
CUST00707,Female,1,30,No,DSL,26.66,552.0,No
CUST00708,Male,0,11,Yes,No,88.07,1047.91,Yes
CUST00709,Male,0,52,No,Fiber optic,92.84,5201.26,No
CUST00710,Male,0,0,Yes,Fiber optic,108.7,,Yes
CUST00711,Female,0,42,Yes,DSL,76.27,3272.54,No
CUST00712,Male,1,5,No,Fiber optic,80.38,356.22,No
CUST00713,Female,0,48,Yes,No,22.56,1382.79,No
CUST00714,Female,0,48,Yes,DSL,35.64,,No
CUST00715,Female,0,36,Yes,Fiber optic,69.23,2452.25,Yes
CUST00716,Male,0,9,Yes,DSL,94.01,,No
CUST00717,Male,0,14,Yes,DSL,77.3,1064.62,No
CUST00718,Female,0,44,No,DSL,97.27,4329.85,No
CUST00719,Female,0,10,Yes,Fiber optic,85.13,885.43,Yes
CUST00720,Female,0,71,Yes,No,90.66,6841.26,No
CUST00721,Male,0,25,No,Fiber optic,24.81,602.2,No
CUST00722,Male,1,17,No,Fiber optic,60.57,1133.14,No
CUST00723,Female,0,60,No,No,57.71,3825.55,No
CUST00724,Female,0,4,No,No,76.88,299.89,Yes
CUST00725,Male,0,17,No,DSL,82.87,1512.8,No
CUST00726,Male,0,68,Yes,Fiber optic,27.26,1706.81,Yes
CUST00727,Female,1,23,Yes,No,73.97,1541.64,Yes
CUST00728,Female,0,32,No,Fiber optic,38.44,1070.41,No
CUST00729,Female,0,28,Yes,DSL,95.85,2473.05,No
CUST00730,Male,0,1,No,No,81.43,86.33,No
CUST00731,Female,1,6,Yes,DSL,61.9,316.32,No
CUST00732,Male,0,8,No,DSL,71.0,553.87,No
CUST00733,Male,0,7,Yes,Fiber optic,72.41,482.46,Yes
CUST00734,Female,0,25,Yes,DSL,26.75,797.5,No
CUST00735,Female,0,55,Yes,No,68.25,3992.31,No
CUST00736,Female,0,20,Yes,Fiber optic,80.38,1794.82,No
CUST00737,Female,0,70,No,Fiber optic,76.83,5110.76,No
CUST00738,Female,0,39,Yes,Fiber optic,24.14,861.56,No
CUST00739,Female,0,3,No,Fiber optic,100.43,323.54,Yes
CUST00740,Female,0,26,Yes,No,47.27,,No
CUST00741,Female,1,20,Yes,DSL,53.99,1278.75,Yes
CUST00742,Male,0,55,No,Fiber optic,32.8,1657.22,No
CUST00743,Male,0,69,No,No,27.46,1217.87,No
CUST00744,Male,0,19,No,DSL,50.24,1094.89,No
CUST00745,Female,0,6,No,Fiber optic,89.07,527.93,Yes
CUST00746,Female,1,10,Yes,DSL,89.93,917.75,Yes
CUST00747,Male,0,32,Yes,DSL,84.3,2877.45,No
CUST00748,Female,0,22,Yes,DSL,40.81,870.16,No
CUST00749,Female,1,43,Yes,Fiber optic,38.59,1318.91,Yes
CUST00750,Male,0,39,Yes,DSL,85.79,3590.64,No
CUST00751,Female,0,26,No,Fiber optic,26.71,782.81,No
CUST00752,Female,0,9,Yes,Fiber optic,75.59,728.88,Yes
CUST00753,Female,0,10,No,Fiber optic,100.93,933.38,Yes
CUST00754,Female,0,67,Yes,No,36.69,2347.23,No
CUST00755,Female,1,28,Yes,No,53.45,1760.09,Yes
CUST00756,Male,0,20,Yes,No,59.77,1015.11,No
CUST00757,Female,0,23,Yes,Fiber optic,61.47,1561.72,No
CUST00758,Male,1,0,Yes,Fiber optic,64.92,,No
CUST00759,Female,0,0,Yes,No,61.25,,No
CUST00760,Female,0,7,Yes,DSL,100.76,772.81,No
CUST00761,Female,0,1,No,DSL,62.07,53.39,No
CUST00762,Female,0,1,No,DSL,78.69,69.3,No
CUST00763,Male,0,16,Yes,Fiber optic,35.17,662.16,Yes
CUST00764,Female,0,31,No,Fiber optic,96.12,2921.44,No
CUST00765,Female,0,35,No,Fiber optic,24.52,1071.25,No
CUST00766,Female,0,4,No,DSL,70.01,244.63,No
CUST00767,Male,1,12,Yes,Fiber optic,90.41,1188.9,Yes
CUST00768,Male,0,5,Yes,Fiber optic,104.67,508.31,Yes
CUST00769,Female,0,4,No,Fiber optic,79.52,292.97,Yes
CUST00770,Male,0,5,Yes,Fiber optic,77.62,370.3,Yes
CUST00771,Female,0,7,Yes,No,80.31,526.57,Yes
CUST00772,Male,0,32,No,Fiber optic,39.3,1253.43,No
CUST00773,Male,0,57,No,Fiber optic,83.16,4614.75,No
CUST00774,Female,0,28,Yes,Fiber optic,90.11,2440.9,Yes
CUST00775,Male,0,32,No,Fiber optic,97.24,2952.94,No
CUST00776,Female,0,28,No,Fiber optic,51.27,1415.46,No
CUST00777,Male,0,2,Yes,No,108.9,230.18,No
CUST00778,Male,0,38,Yes,DSL,64.66,2771.87,No
CUST00779,Male,0,69,No,DSL,47.05,3498.74,No
CUST00780,Male,0,47,Yes,DSL,26.93,878.4,No
CUST00781,Male,0,6,No,Fiber optic,85.48,527.61,No
CUST00782,Female,0,59,No,No,70.41,4314.08,No
CUST00783,Male,0,57,No,No,40.06,1743.0,No
CUST00784,Male,1,23,No,No,65.47,1434.9,No
CUST00785,Male,0,42,No,DSL,62.35,2725.54,No
CUST00786,Male,0,24,Yes,No,95.49,2463.64,No
CUST00787,Female,0,46,Yes,DSL,65.65,2866.79,No
CUST00788,Female,0,22,Yes,Fiber optic,48.78,1283.54,Yes
CUST00789,Male,0,31,Yes,Fiber optic,94.98,2638.31,No
CUST00790,Female,0,62,Yes,Fiber optic,60.39,3271.0,No
CUST00791,Male,1,11,Yes,No,71.39,760.53,Yes
CUST00792,Male,1,9,No,DSL,85.26,721.09,No
CUST00793,Female,0,7,No,Fiber optic,85.53,648.36,No
CUST00794,Female,0,36,No,Fiber optic,48.88,1903.44,No
CUST00795,Female,0,69,No,DSL,83.54,5550.13,No
CUST00796,Female,1,15,No,No,27.41,510.29,No
CUST00797,Female,0,3,Yes,No,105.54,322.15,No
CUST00798,Male,0,34,No,No,42.04,1338.08,No
CUST00799,Female,0,64,No,Fiber optic,30.8,1817.92,No
CUST00800,Male,1,1,No,No,80.34,,No
CUST00801,Male,1,11,Yes,Fiber optic,79.8,773.79,Yes
CUST00802,Female,0,64,No,Fiber optic,42.15,2562.82,No
CUST00803,Male,0,14,No,Fiber optic,62.72,897.28,No
CUST00804,Male,1,2,Yes,DSL,62.65,129.25,No
CUST00805,Male,0,24,No,No,62.68,1493.68,No
CUST00806,Female,0,4,Yes,No,74.32,329.18,No
CUST00807,Male,1,10,No,Fiber optic,60.0,599.58,No
CUST00808,Female,0,10,No,Fiber optic,98.58,,Yes
CUST00809,Male,0,41,Yes,Fiber optic,63.83,2380.07,No
CUST00810,Male,0,12,Yes,Fiber optic,35.53,521.47,No
CUST00811,Male,0,3,Yes,DSL,101.49,285.29,Yes
CUST00812,Female,0,5,No,Fiber optic,104.01,497.98,No
CUST00813,Male,0,9,No,Fiber optic,61.26,557.38,No
CUST00814,Female,0,37,No,DSL,47.34,1808.96,No
CUST00815,Male,1,22,No,Fiber optic,74.24,1753.0,No
CUST00816,Male,1,68,Yes,DSL,23.07,,Yes
CUST00817,Male,0,39,Yes,No,32.45,1319.54,No
CUST00818,Female,0,12,No,Fiber optic,46.75,630.86,No
CUST00819,Female,0,28,Yes,No,92.01,2303.59,No
CUST00820,Female,1,16,No,Fiber optic,42.6,742.85,No
CUST00821,Female,0,3,No,DSL,99.46,275.26,Yes
CUST00822,Male,0,3,Yes,DSL,107.04,314.7,No
CUST00823,Male,1,47,No,Fiber optic,73.05,3292.81,No
CUST00824,Female,0,66,Yes,DSL,24.32,1071.51,No
CUST00825,Female,0,10,No,DSL,105.74,1110.75,No
CUST00826,Female,0,32,No,Fiber optic,79.37,2601.72,No
CUST00827,Female,0,48,No,Fiber optic,70.24,3166.5,No
CUST00828,Female,0,40,Yes,No,55.69,2234.51,No
CUST00829,Female,0,1,No,DSL,77.14,67.88,Yes
CUST00830,Female,0,1,No,DSL,97.97,101.93,Yes
CUST00831,Female,0,2,No,Fiber optic,84.88,161.04,Yes
CUST00832,Male,1,8,Yes,DSL,76.84,602.85,No
CUST00833,Female,0,64,No,Fiber optic,42.62,2541.51,No
CUST00834,Female,0,10,No,Fiber optic,87.91,780.73,Yes
CUST00835,Male,0,29,Yes,Fiber optic,42.32,1451.56,No
CUST00836,Male,0,41,Yes,Fiber optic,70.96,2842.83,No
CUST00837,Female,1,71,Yes,DSL,96.92,6806.24,No
CUST00838,Female,0,52,No,Fiber optic,26.23,997.5,No
CUST00839,Male,1,65,Yes,Fiber optic,66.5,3889.55,No
CUST00840,Male,0,6,No,DSL,78.56,415.95,Yes
CUST00841,Female,0,6,Yes,DSL,98.61,639.61,No
CUST00842,Female,0,21,Yes,No,78.64,1467.11,No
CUST00843,Male,0,12,No,DSL,82.05,958.71,No
CUST00844,Female,0,7,No,Fiber optic,105.27,716.77,Yes
CUST00845,Male,1,11,Yes,DSL,71.0,801.78,Yes
CUST00846,Male,0,11,Yes,No,78.86,846.34,No
CUST00847,Male,0,0,No,DSL,84.56,,Yes
CUST00848,Female,0,62,No,DSL,31.99,1672.33,No
CUST00849,Female,0,9,Yes,Fiber optic,101.63,994.08,Yes
CUST00850,Female,0,37,No,DSL,82.78,2896.96,No
CUST00851,Male,0,48,Yes,Fiber optic,23.88,768.48,No
CUST00852,Male,0,19,No,No,72.21,1216.9,No
CUST00853,Male,0,9,No,DSL,106.57,1021.43,Yes
CUST00854,Female,1,25,No,No,36.33,755.73,No
CUST00855,Male,0,23,No,Fiber optic,68.95,1448.33,No
CUST00856,Female,0,67,Yes,No,83.07,5534.04,No
CUST00857,Male,0,7,Yes,Fiber optic,106.09,744.08,Yes
CUST00858,Male,0,70,No,Fiber optic,23.67,1584.13,No
CUST00859,Female,1,64,No,No,62.04,4023.09,Yes
CUST00860,Female,0,6,No,Fiber optic,107.18,595.83,Yes
CUST00861,Male,1,65,No,Fiber optic,51.27,2928.66,Yes
CUST00862,Female,0,57,Yes,No,64.29,3569.82,No
CUST00863,Female,0,2,Yes,Fiber optic,87.91,167.83,No
CUST00864,Male,0,43,No,No,41.96,1816.62,No
CUST00865,Female,0,46,No,DSL,60.06,3028.72,No
CUST00866,Female,0,43,No,DSL,41.49,1777.06,No
CUST00867,Male,0,3,Yes,Fiber optic,86.57,285.82,Yes
CUST00868,Male,0,46,Yes,Fiber optic,92.59,4486.35,No
CUST00869,Female,0,57,Yes,Fiber optic,38.74,1748.32,No
CUST00870,Female,0,27,No,DSL,23.09,704.47,No
CUST00871,Male,0,7,Yes,No,72.15,525.81,Yes
CUST00872,Male,0,12,Yes,No,62.88,641.27,No
CUST00873,Male,0,10,No,Fiber optic,100.68,908.15,Yes
CUST00874,Female,0,2,No,DSL,76.37,145.38,Yes
CUST00875,Female,0,30,Yes,No,48.39,1610.23,No
CUST00876,Male,1,11,No,DSL,68.45,694.17,No
CUST00877,Male,1,51,No,DSL,47.7,2203.43,No
CUST00878,Male,0,58,Yes,DSL,79.4,4095.82,No
CUST00879,Male,0,40,Yes,DSL,55.2,2125.43,No
CUST00880,Female,0,6,No,DSL,75.76,410.91,No
CUST00881,Female,1,8,Yes,Fiber optic,83.32,684.61,Yes
CUST00882,Male,1,4,Yes,Fiber optic,98.04,412.81,Yes
CUST00883,Male,0,5,Yes,Fiber optic,94.04,497.06,Yes
CUST00884,Female,0,4,Yes,DSL,99.24,383.35,No
CUST00885,Female,0,42,No,DSL,24.13,1136.97,No
CUST00886,Male,0,7,Yes,Fiber optic,84.96,555.98,No
CUST00887,Female,0,5,No,DSL,84.01,468.62,No
CUST00888,Female,1,52,No,Fiber optic,88.46,4772.0,Yes
CUST00889,Male,0,37,No,Fiber optic,51.06,1618.14,No
CUST00890,Female,0,12,No,Fiber optic,73.46,843.56,No
CUST00891,Female,0,37,Yes,DSL,72.78,2589.16,No
CUST00892,Female,0,46,Yes,Fiber optic,21.94,1436.8,No
CUST00893,Female,0,55,No,DSL,31.13,1564.9,No
CUST00894,Female,0,45,Yes,DSL,43.29,1871.05,No
CUST00895,Male,1,66,Yes,DSL,46.37,2452.7,No
CUST00896,Male,0,30,No,Fiber optic,89.27,2393.07,Yes
CUST00897,Female,0,71,No,DSL,96.58,6981.83,No
CUST00898,Male,0,9,Yes,No,76.24,706.06,Yes
CUST00899,Female,1,24,No,No,70.98,1679.81,No
CUST00900,Male,0,50,No,DSL,51.64,2447.6,No
CUST00901,Male,0,61,Yes,DSL,73.88,4058.8,No
CUST00902,Male,1,7,Yes,Fiber optic,92.61,662.46,Yes
CUST00903,Female,0,2,Yes,Fiber optic,61.29,112.62,No
CUST00904,Male,0,0,No,DSL,74.02,,Yes
CUST00905,Female,0,22,Yes,DSL,64.39,1397.24,No
CUST00906,Female,0,25,No,Fiber optic,22.97,526.95,No
CUST00907,Female,0,71,Yes,DSL,44.02,3183.32,No
CUST00908,Male,0,6,Yes,DSL,94.02,599.87,Yes
CUST00909,Female,0,5,Yes,No,84.02,395.84,Yes
CUST00910,Male,0,71,Yes,Fiber optic,45.11,3740.88,No
CUST00911,Female,0,35,No,Fiber optic,68.32,,No
CUST00912,Male,0,15,No,Fiber optic,54.8,748.23,No
CUST00913,Female,0,11,Yes,Fiber optic,71.51,690.78,Yes
CUST00914,Male,0,2,No,No,60.22,119.92,No
CUST00915,Male,0,30,No,Fiber optic,61.79,1768.71,No
CUST00916,Male,1,56,Yes,Fiber optic,75.11,4342.09,Yes
CUST00917,Male,0,10,Yes,DSL,95.78,959.99,Yes
CUST00918,Male,0,38,No,Fiber optic,92.34,3856.42,No
CUST00919,Male,0,19,No,DSL,42.15,823.74,No
CUST00920,Female,1,15,No,No,74.19,1126.59,No
CUST00921,Male,0,28,Yes,Fiber optic,68.26,2064.95,No
CUST00922,Female,0,1,No,Fiber optic,81.18,75.87,No
CUST00923,Female,0,9,No,DSL,86.61,819.14,No
CUST00924,Male,1,14,Yes,DSL,27.2,501.3,No
CUST00925,Male,0,4,Yes,No,86.89,352.54,No
CUST00926,Male,0,60,Yes,No,87.58,5125.34,No
CUST00927,Male,0,12,No,Fiber optic,49.74,602.54,No
CUST00928,Male,0,63,Yes,DSL,41.29,2623.33,No
CUST00929,Male,0,66,No,Fiber optic,98.82,,Yes
CUST00930,Male,0,12,No,Fiber optic,77.46,891.7,No
CUST00931,Female,1,10,No,Fiber optic,89.25,,Yes
CUST00932,Male,1,39,Yes,Fiber optic,25.56,752.27,Yes
CUST00933,Female,0,1,Yes,DSL,60.86,66.46,No
CUST00934,Male,0,48,Yes,DSL,94.24,4055.81,No
CUST00935,Male,0,16,No,DSL,78.54,1289.06,No
CUST00936,Male,0,51,Yes,Fiber optic,95.12,4818.05,No
CUST00937,Male,0,33,No,Fiber optic,28.62,778.86,Yes
CUST00938,Male,0,67,No,Fiber optic,72.52,4309.69,No
CUST00939,Male,0,66,Yes,DSL,53.97,3051.35,No
CUST00940,Female,1,0,Yes,Fiber optic,78.46,,Yes
CUST00941,Female,1,10,No,No,102.47,,Yes
CUST00942,Female,0,4,No,No,73.2,,Yes
CUST00943,Female,0,12,No,DSL,37.57,354.81,No
CUST00944,Male,0,12,Yes,Fiber optic,71.05,935.25,Yes
CUST00945,Female,0,10,Yes,Fiber optic,95.5,904.26,No
CUST00946,Female,0,1,No,DSL,93.15,86.8,No
CUST00947,Male,1,45,Yes,DSL,27.04,1477.3,No
CUST00948,Female,0,1,Yes,DSL,77.1,76.21,No
CUST00949,Male,0,63,No,DSL,39.89,2413.38,No
CUST00950,Male,0,27,No,DSL,24.07,783.86,No
CUST00951,Female,0,46,No,Fiber optic,22.96,1431.6,Yes
CUST00952,Male,0,31,No,No,91.07,2933.53,No
CUST00953,Female,0,7,Yes,Fiber optic,107.67,753.38,No
CUST00954,Female,1,5,No,DSL,84.16,400.88,Yes
CUST00955,Male,0,36,Yes,Fiber optic,74.49,2827.58,Yes
CUST00956,Female,0,21,Yes,DSL,94.99,1970.63,No
CUST00957,Female,1,65,Yes,Fiber optic,48.33,2863.72,No
CUST00958,Female,0,47,Yes,Fiber optic,79.65,4208.67,Yes
CUST00959,Female,1,2,No,DSL,70.62,130.36,Yes
CUST00960,Female,0,32,No,Fiber optic,63.33,1821.29,No
CUST00961,Female,0,4,Yes,Fiber optic,99.96,377.22,Yes
CUST00962,Female,1,67,No,DSL,58.36,4466.14,Yes
CUST00963,Male,1,11,No,DSL,104.09,1222.71,Yes
CUST00964,Male,0,11,Yes,Fiber optic,94.28,1017.92,No
CUST00965,Female,0,58,No,DSL,65.73,3999.58,No
CUST00966,Female,0,9,No,DSL,64.35,515.48,No
CUST00967,Female,0,72,No,Fiber optic,38.28,3210.58,Yes
CUST00968,Male,0,36,No,Fiber optic,79.39,3158.71,No
CUST00969,Male,0,9,No,Fiber optic,72.57,582.53,No
CUST00970,Male,0,70,Yes,Fiber optic,32.3,2375.41,No
CUST00971,Male,0,66,No,DSL,31.39,1882.28,No
CUST00972,Male,1,17,Yes,Fiber optic,65.19,1264.65,Yes
CUST00973,Female,1,3,Yes,DSL,92.93,285.57,No
CUST00974,Female,0,0,No,DSL,87.89,,Yes
CUST00975,Male,0,59,No,DSL,96.86,5801.6,No
CUST00976,Female,0,1,No,No,101.15,99.91,Yes
CUST00977,Female,1,58,No,No,92.92,5055.35,No
CUST00978,Male,0,38,Yes,Fiber optic,78.85,2859.53,No
CUST00979,Male,1,4,No,No,87.42,384.71,No
CUST00980,Female,0,58,Yes,DSL,61.47,3042.88,No
CUST00981,Male,0,49,Yes,Fiber optic,65.4,3574.4,No
CUST00982,Male,0,3,No,No,63.35,,No
CUST00983,Male,0,55,Yes,DSL,97.39,4999.23,No
CUST00984,Female,0,63,Yes,No,29.46,1893.07,No
CUST00985,Female,0,63,Yes,DSL,34.39,1802.77,No
CUST00986,Male,0,25,Yes,Fiber optic,57.17,1657.39,No
CUST00987,Female,0,57,Yes,Fiber optic,21.78,760.38,No
CUST00988,Female,0,45,No,DSL,24.18,1072.07,No
CUST00989,Female,0,62,Yes,Fiber optic,33.61,1633.14,No
CUST00990,Female,0,19,No,DSL,96.53,1728.43,No
CUST00991,Male,0,41,Yes,Fiber optic,30.5,1637.67,Yes
CUST00992,Female,0,63,Yes,Fiber optic,91.45,6056.95,No
CUST00993,Male,0,19,Yes,DSL,37.08,743.84,No
CUST00994,Female,1,48,No,Fiber optic,29.81,1251.5,Yes
CUST00995,Male,1,4,Yes,DSL,107.27,400.54,No
CUST00996,Female,0,6,No,Fiber optic,97.18,626.42,Yes
CUST00997,Female,1,40,No,Fiber optic,47.63,1756.54,No
CUST00998,Male,0,10,Yes,No,67.99,641.87,No
CUST00999,Female,1,64,No,Fiber optic,28.74,1934.27,No
CUST01000,Male,1,34,No,DSL,64.48,2522.18,Yes
